user_id,first_name,password,age,gender,interests,view_history,email,mother_language
10000,Eric,x6tnBEr4&i,63,Male,"Comedy, Psychological, Local","""Lady Chatterley's Lover"", 'Happy End', 'Tasting Menu', 'Dangerous Matrimony', 'Last Chance for Christmas'",gomezleslie@example.net,Māori
10001,Robert,7(S7fOnb!q,32,Male,"Drama, Epic, Local","'Web of Dreams', ""Jim Henson's Turkey Hollow"", 'Mood Indigo', 'Mistress Mercy', 'Mr Stein Goes Online'",millerluke@example.net,Arabic
10002,Andrew,eS4RjWVKW@,30,Male,"Mysterious, Local, Comedy","'Gone Mom: The Disappearance of Jennifer Dulos', 'Klown', 'Katy', 'A Love Yarn', 'Abducted: The Mary Stauffer Story'",sheltondavid@example.org,English
10003,Sarah,o@Q538nm8V,55,Female,"Thrilling, Action, Mysterious","'A Love Yarn', 'Blue is the Warmest Colour', 'The Unauthorised Beverly Hills 90210 Story', 'Seeds of Yesterday', 'Genghis'",thorntonnathan@example.org,French
10004,Larry,_D$Ut0z@Y&,25,Male,"Thrilling, Drama, Comedy","'Flowers in the Attic', 'I Was Lorena Bobbitt', 'The Most Magnificent Thing', 'P.S. I Love You', 'Kidnapped: The Hannah Anderson Story'",zclark@example.org,Chinese
10005,Michael,*74!8NPt*z,54,Male,"Thrilling, Action, Drama","'Britney Ever After', 'I Was Lorena Bobbitt', 'Divergent', ""A Sister's Nightmare"", 'The Orator'",matthewking@example.net,Arabic
10006,David,_2qtaAa+pL,35,Male,"Local, Psychological, Kids","'Le Grand Soir', 'Conan The Barbarian', 'Mistress Mercy', 'Return to Zero', 'A House on Fire'",emily99@example.org,Chinese
10007,David,%^Xd+4neb6,46,Male,"Drama, Local, Epic","'Dangerous Matrimony', 'Heart of a Lion', 'Mariposa', 'Heaven', ""Sione's 2: Unfinished Business""",modonnell@example.org,English
10008,William,*my5SJon)@,18,Male,"Epic, Kids, Comedy","'Splinters', 'The Soul of Flies', ""Manson's Lost Girls"", 'Secrets of Eden', 'The Assassin'",davidbanks@example.com,French
10009,Andrew,p+28Dpp)Qa,19,Male,"Mysterious, Epic, Psychological","'My Wedding and Other Secrets', 'Harry and Meghan: A Royal Romance', 'Shoplifters', 'Family Pictures', 'Gangsta Granny'",sheena09@example.net,Arabic
10010,Heather,+RUVn+Ckf7,27,Female,"Epic, Drama, Mysterious","'Tazzeka', 'The Clan', 'A War Story', 'Insurgent', ""Sione's 2: Unfinished Business""",woodsjohn@example.org,French
10011,Morgan,#8A(TNXcm),37,Female,"Drama, Kids","'Whale Rider', 'Whitney', 'Last Chance for Christmas', 'If There Be Thorns', 'One Thousand Ropes'",odrake@example.org,English
10012,Ashley,%!3QXOhcJ@,30,Female,"Action, Epic, Local","'Mood Indigo', 'Conan The Barbarian', 'Glory', 'Park', 'Mariposa'",davidsanders@example.org,Chinese
10013,Adam,*LE3*TOe!J,52,Male,"Psychological, Action","'Secrets of Eden', 'Baby Sellers', 'Le Grand Soir', 'Mariposa', 'Homesick'",nancymorrison@example.org,other
10014,Kenneth,eM9QtJ)w&L,42,Male,"Epic, Kids, Comedy","'Sleeping with Danger', 'Return to Zero', ""Sione's 2: Unfinished Business"", ""Lady Chatterley's Lover"", 'Whitney'",nbullock@example.com,Russian
10015,David,)W5p6rPzUC,28,Male,"Psychological, Action","'Beaches', 'Tazzeka', 'Glory', 'Girl', 'Shoplifters'",fbutler@example.net,Chinese
10016,Ashley,IXG2MZlX@*,68,Female,"Action, Kids, Local","'Girl', 'Harry And Meghan: Escaping The Palace', 'Dangerous Matrimony', 'Stockholm Pennsylvania', 'Zama'",debra94@example.org,Arabic
10017,David,%#HFQEYw1z,54,Male,"Epic, Romantic","'A Killer Among Us', 'Once Upon a Time in Venice', 'Taken: The Search for Sophie Parker', 'Mammuth', 'Whale Rider'",sonia26@example.net,Arabic
10018,Robert,@1N#Lc#uxf,18,Male,"Comedy, Kids, Drama","'Baby Sellers', 'Clash', 'Thale', 'Slumdog Millionaire', 'A House on Fire'",aaronhopkins@example.net,English
10019,Catherine,dv5_0Jel+3,58,Female,"Comedy, Epic","'The Ideal Palace', 'Klown', 'Homesick', 'Happy End', 'Resolve'",eric22@example.org,French
10020,Angela,1F3pHHy)A(,58,Female,"Local, Psychological, Epic","'Slumdog Millionaire', ""Victoria Gotti: My Father's Daughter"", ""Manson's Lost Girls"", 'Mr Stein Goes Online', 'Border'",bennettalan@example.net,French
10021,Henry,w&*3(WLju1,39,Male,"Comedy, Local, Thrilling","'My Wedding and Other Secrets', 'The Last Suit', 'Web of Dreams', 'Homesick', 'Secrets of Eden'",aaron79@example.com,English
10022,Jill,$4XJD&yxSH,51,Female,"Mysterious, Psychological","'Shoplifters', 'The Assassin', 'Smoke & Mirrors', 'Pool Boy Nightmare', 'The Last Suit'",caitlinjohnson@example.com,French
10023,Christopher,pri^58Dq(*,41,Male,"Comedy, Romantic","'Gangsta Granny', 'Born To Dance', 'Death Of A Vegas Showgirl', 'Secrets of Eden', 'The Divine Order'",qtaylor@example.com,French
10024,Michael,_OPOw7Xnr3,51,Male,"Comedy, Romantic, Action","'Heart of a Lion', 'I Was Lorena Bobbitt', 'Genghis', 'Gangsta Granny', 'Wrapped Up in Christmas'",blake90@example.com,other
10025,Hannah,_U4XfhCZ__,29,Female,"Romantic, Local","'Long Shot', 'Seeds of Yesterday', 'The Most Magnificent Thing', 'Stolen By My Mother: The Kamiyah Mobley Story', 'Park'",yblair@example.org,Arabic
10026,Mark,t#Yq9Wb5$&,47,Male,"Epic, Romantic","'Shoplifters', 'Beaches', 'Billionaire Boy', 'Clash', ""Sione's 2: Unfinished Business""",thenry@example.com,Māori
10027,Robert,$b94%B4XT^,56,Male,"Psychological, Epic, Local","'Toni Braxton: Unbreak My Heart', 'The Last Suit', 'Mammuth', 'Circle of Deception', 'Transfinite'",jonathan80@example.org,French
10028,Amber,Q3bgBp6l@$,49,Female,"Romantic, Local","'Girl', 'Park', 'Mistress Mercy', 'Aaliyah: Princess of R&B', 'Heart of a Lion'",fwilson@example.org,English
10029,Michael,X6TrHGo4#8,36,Male,"Local, Epic, Kids","'Circle of Deception', 'A War Story', 'In Dark Places', 'I Was Lorena Bobbitt', 'Dangerous Matrimony'",qherrera@example.com,Māori
10030,Michael,e!I41zTRJz,40,Male,"Epic, Mysterious, Thrilling","'Zama', 'Gangsta Granny', 'The Most Magnificent Thing', 'Mood Indigo', 'Ring of Fire'",calvinparker@example.com,Māori
10031,David,0^7JV@)syP,54,Male,"Drama, Thrilling, Romantic","""A Sister's Nightmare"", '7 Boxes', 'Heart of a Lion', 'He Loves Me', 'The Evil Twin'",charlotte27@example.org,Russian
10032,Roberto,O!8TTrlgSl,43,Male,"Mysterious, Romantic, Action","'Tasting Menu', 'I Was Lorena Bobbitt', 'Clash', 'The Real MVP: The Wanda Durant Story', 'Dangerous Matrimony'",benjaminbarber@example.org,French
10033,Brandy,*3EIgl@Y@$,40,Female,"Thrilling, Local, Romantic","'Mr Stein Goes Online', 'Kidnapped: The Hannah Anderson Story', 'Family Pictures', 'Death Of A Vegas Showgirl', 'Le Grand Soir'",michaelthompson@example.com,Chinese
10034,Bobby,+7MgcM$u6a,60,Male,"Thrilling, Drama","'The Pā Boys', 'A Man Called Ove', ""Don't Say a Word"", 'One Last Deal', 'Story Of A Girl'",fryepaula@example.net,other
10035,Jimmy,_8WXLFWwlg,36,Male,"Epic, Psychological, Drama","'The Unauthorised Beverly Hills 90210 Story', 'Billionaire Boy', 'Return to Zero', 'Austin Powers: International Man of Mystery', 'Heaven'",zmorgan@example.com,Arabic
10036,Jasmin,!yjQjcLfH4,66,Female,"Mysterious, Thrilling, Comedy","'Kidnapped: The Hannah Anderson Story', 'Harry & Meghan: Becoming Royal', 'Family Pictures', 'Last Chance for Christmas', 'Flowers in the Attic'",linda39@example.net,Chinese
10037,Keith,(hFmTweYB5,68,Male,"Local, Drama, Psychological","'Mr Stein Goes Online', 'VF48 Hours Film Festival 2021', 'The Unauthorised Beverly Hills 90210 Story', 'In A Flash', 'Britney Ever After'",frytimothy@example.net,other
10038,Alexis,1SJwX0t+_4,37,Female,"Mysterious, Epic","'Heaven', 'Perfect High', 'Whale Rider', 'Secrets of Eden', 'Wrapped Up in Christmas'",veronica36@example.org,other
10039,Mark,!uEEwzIX84,61,Male,"Local, Action, Thrilling","'A War Story', 'Bury The Past', 'Sex Life of Plants', 'Tazzeka', 'Battlestar Galactica: The Plan'",joshuaduffy@example.com,English
10040,Eric,epsl7Hx%J),38,Male,"Local, Action, Mysterious","'Divergent', 'Sleeping with Danger', 'Mr Stein Goes Online', 'Good Manners', 'Once Upon a Time in Venice'",kathrynhughes@example.net,Chinese
10041,Michael,_6UW8bHu_&,63,Male,"Local, Action, Psychological","'Flowers in the Attic', 'VF48 Hours Film Festival 2021', 'A Murder to Remember', 'Whale Rider', 'The Soul of Flies'",edwardsrebecca@example.net,French
10042,Bobby,&AT))Nei2m,40,Male,"Drama, Mysterious, Thrilling","'Transfinite', 'Secrets of Eden', 'A Man Called Ove', 'Tazzeka', 'Petals on the Wind'",mark44@example.net,Arabic
10043,John,#V7#iR^e#5,59,Male,"Epic, Action","'Insurgent', 'Kalo Pothi', 'Family Pictures', 'A Murder to Remember', 'Harry And Meghan: Escaping The Palace'",hoovermatthew@example.org,English
10044,Michael,&nPLp(s@g9,59,Male,"Romantic, Action, Kids","'Splinters', 'Family Pictures', 'Happy End', 'Wrapped Up in Christmas', 'Restless Virgins'",michaelconley@example.org,Arabic
10045,Frank,!7LTlt#l2G,43,Male,"Epic, Local","'Insurgent', 'Harry and Meghan: A Royal Romance', 'Dangerous Matrimony', 'A Man Called Ove'",hodgeamanda@example.com,other
10046,Christopher,*n0wMUqY%#,62,Male,"Drama, Thrilling, Kids","'Story Of A Girl', 'Web of Dreams', 'Britney Ever After', 'The Soul of Flies', 'Mammuth'",sonya76@example.org,Māori
10047,Andrew,$E4JEKfj+V,50,Male,"Comedy, Kids","""Manson's Lost Girls"", 'My Wedding and Other Secrets', 'Flowers in the Attic', 'The Evil Twin', 'The Light on the Hill'",kimberlynunez@example.com,other
10048,Yolanda,tC66PRNsa!,22,Female,"Epic, Psychological","'A Murder to Remember', 'Shoplifters', 'Mariposa', 'Border', 'Once Upon a Time in Venice'",munozkimberly@example.org,French
10049,Kara,G!9p_HizyK,28,Female,"Drama, Kids, Mysterious","'Heaven', 'Splinters', 'A Murder to Remember', 'The Orator', 'The Soul of Flies'",mahoneymichael@example.net,French
10050,Carol,2*8Y9b9Jc7,57,Female,"Romantic, Kids","'Disaster Movie', 'Heaven', 'The Soul of Flies', 'Story Of A Girl', 'I Was Lorena Bobbitt'",tjones@example.net,Chinese
10051,Lori,S@346Rxrgf,28,Female,"Psychological, Epic, Drama","'Shoplifters', 'Billionaire Boy', 'Snowed-Inn Christmas', 'Mood Indigo', 'Bury The Past'",vrollins@example.net,French
10052,Derek,w6xLmc+!$m,59,Male,"Kids, Drama, Romantic","'7 Boxes', 'I Was Lorena Bobbitt', 'Stockholm Pennsylvania', 'Fallen Hearts', 'Whale Rider'",leonalex@example.com,other
10053,Jeffrey,7FKbm4dS+j,56,Male,"Romantic, Mysterious, Action","'Circle of Deception', 'Slumdog Millionaire', ""Victoria Gotti: My Father's Daughter"", 'The Last Suit', 'Happy Face Killer'",samanthajackson@example.com,Russian
10054,Eric,ZH6ZcX7P!H,41,Male,"Kids, Drama, Local","'Sex Life of Plants', 'A House on Fire', ""I Am Somebody's Child: The Regina Louise Story"", 'The Last Suit', 'In A Flash'",riverstimothy@example.net,Arabic
10055,Timothy,4(_m_pIp(1,63,Male,"Epic, Psychological","'Bury The Past', 'Smoke & Mirrors', 'Tasting Menu', 'Le Grand Soir'",jenningsjohn@example.com,other
10056,Lisa,OwP%4H4aGi,36,Female,"Comedy, Romantic, Psychological","'Dangerous Matrimony', 'The 7.39', 'The Orator', 'Catching the Black Widow', 'Family Pictures'",tperez@example.com,Chinese
10057,Vanessa,x^e6*I(lvh,61,Female,"Local, Epic","'Tasting Menu', ""Manson's Lost Girls"", 'Perfect High', ""A Sister's Nightmare"", 'Born To Dance'",emmashaw@example.com,Māori
10058,Adam,^8V4xaU#&2,32,Male,"Epic, Action, Drama","'Boy', 'Knight and Day', 'Aaliyah: Princess of R&B', 'Kalo Pothi', 'Homesick'",underwoodcatherine@example.org,English
10059,Samantha,+XIRGaIN!7,63,Female,"Local, Drama, Kids","'Glory', 'The Unauthorised Melrose Place Story', 'A Love Yarn', 'Taken: The Search for Sophie Parker', 'Pool Boy Nightmare'",kingdakota@example.org,French
10060,Dawn,aG2a2T(y!),26,Female,"Comedy, Kids, Epic","'Secrets of Eden', 'Trapped: The Alex Cooper Story', 'Toni Braxton: Unbreak My Heart', ""Sione's 2: Unfinished Business""",lori37@example.org,French
10061,Cody,f!AiLJ6o*6,61,Male,"Epic, Comedy, Action","'Mammuth', 'Tasting Menu', 'Pool Boy Nightmare', ""Don't Say a Word"", 'Taken: The Search for Sophie Parker'",matthewcook@example.net,other
10062,Brittany,1OM$wvDi#7,55,Female,"Kids, Local","'Gone Mom: The Disappearance of Jennifer Dulos', 'Glory', 'Poppy', 'Fallen Hearts', 'Mariposa'",carlyjohnson@example.com,Russian
10063,Kristin,!%5^8X(gQu,28,Female,"Psychological, Local, Romantic","'Once Upon a Time in Venice', 'Ixcanul', 'The Last Suit', 'Mistress Mercy', 'Tazzeka'",ubranch@example.com,English
10064,Tyler,hwHYSsd@#3,58,Male,"Drama, Epic, Local","'The Light on the Hill', 'The Lost Wife Of Robert Durst', 'Knight and Day', 'A House on Fire', 'The Most Magnificent Thing'",omar81@example.org,Russian
10065,Diana,3X+&7YXaVw,25,Female,"Thrilling, Romantic","'Mood Indigo', ""Jim Henson's Turkey Hollow"", 'P.S. I Love You', 'Fresh Meat', 'A Murder to Remember'",jeremy94@example.org,English
10066,Mark,#5UNBfsKbx,33,Male,"Mysterious, Romantic, Comedy","'One Thousand Ropes', 'I Was Lorena Bobbitt', 'Britney Ever After', 'Battlestar Galactica: The Plan', 'Stockholm Pennsylvania'",kelly93@example.net,other
10067,John,Q8tmB7_z(k,22,Male,"Epic, Thrilling, Psychological","'Trapped: The Alex Cooper Story', 'One Last Deal', 'Park', 'Mistress Mercy', 'The Last Suit'",grantjasmine@example.org,Chinese
10068,Elizabeth,3hM7gDzp_n,23,Female,"Psychological, Action, Comedy","'The Dance Exponents – Why Does Love?', 'The Divine Order', 'Mammuth', 'Mood Indigo', 'Secrets of Eden'",carterdanny@example.net,French
10069,Amber,$8PnRlMB9Y,38,Female,"Thrilling, Epic, Drama","'In A Flash', 'Restless Virgins', 'Gates of Paradise', 'Kalo Pothi', 'A Killer Among Us'",carla66@example.com,Russian
10070,Kelly,$4KJ0$ez#&,66,Female,"Comedy, Epic, Thrilling","'Harry and Meghan: A Royal Romance', 'Border', 'Snowed-Inn Christmas', 'Gangsta Granny', 'Heart of a Lion'",zcampbell@example.com,Arabic
10071,Patrick,rQ0Flkwy+1,26,Male,"Epic, Mysterious, Action","""Lady Chatterley's Lover"", 'The Unauthorised Melrose Place Story', 'I Was Lorena Bobbitt', 'Clash', 'The 7.39'",mtyler@example.org,Arabic
10072,Deanna,3RO)#6Qmxy,60,Female,"Comedy, Drama, Kids","'The Guilty', 'Glory', 'Insurgent', 'If There Be Thorns', 'Gone Mom: The Disappearance of Jennifer Dulos'",joycehodge@example.org,Russian
10073,Lee,7sHWo9WD@n,48,Male,"Psychological, Local, Mysterious","'Klown', 'In Dark Places', 'Border', 'Toni Braxton: Unbreak My Heart', 'Gangsta Granny'",staylor@example.net,French
10074,Elizabeth,UdPbiM1m^9,34,Female,"Epic, Action, Thrilling","'Dangerous Matrimony', 'Gone Mom: The Disappearance of Jennifer Dulos', 'Restless Virgins', 'The Queen', 'Transfinite'",stephen10@example.org,Russian
10075,James,@4ZXaaX7b4,70,Male,"Local, Psychological","'Mr Stein Goes Online', 'The Last Suit', 'Harry and Meghan: A Royal Romance', 'Escaping the Madhouse: The Nellie Bly Story', 'Thale'",perkinskimberly@example.net,English
10076,Jonathan,#gqTBkr+V0,20,Male,"Romantic, Mysterious, Psychological","""Victoria Gotti: My Father's Daughter"", 'The Real MVP: The Wanda Durant Story', 'Billionaire Boy', 'The Dance Exponents – Why Does Love?', 'Fallen Hearts'",jennifermorgan@example.org,French
10077,Ryan,Xp4^l+P7e_,55,Male,"Local, Mysterious, Comedy","'Happy Face Killer', 'Aaliyah: Princess of R&B', 'Tasting Menu', 'Klown', 'Genghis'",ybaker@example.org,Chinese
10078,Anthony,^^8j_)Ryrz,65,Male,"Romantic, Action","'Runaway Millionaires', 'Snowed-Inn Christmas', 'Perfect High', 'Kalo Pothi', 'Poppy'",uanderson@example.net,French
10079,Joseph,&KS6RZb0&M,58,Male,"Comedy, Action, Mysterious","'A War Story', 'Taken: The Search for Sophie Parker', 'Runaway Millionaires', 'Web of Dreams', 'Genghis'",kendrawall@example.net,Māori
10080,Kimberly,m@Ch&5AxMQ,67,Female,"Epic, Romantic","'Gates of Paradise', ""Jim Henson's Turkey Hollow"", 'In Dark Places', 'A House on Fire', ""Manson's Lost Girls""",knoxdouglas@example.com,other
10081,Richard,_#Z(^EAc(5,40,Male,"Action, Romantic, Psychological","'The Last Diamond', 'The Dance Exponents – Why Does Love?', 'The Real MVP: The Wanda Durant Story', 'Baby Sellers'",laura03@example.net,English
10082,Melinda,*6@1yULnDN,65,Female,"Drama, Action, Local","'Gangsta Granny', 'The Unauthorised Melrose Place Story', 'One Last Deal', 'Whitney', 'The Last Diamond'",marissadominguez@example.net,Russian
10083,Elizabeth,LY3AXBwJ*q,41,Female,"Thrilling, Mysterious","'Mammuth', 'Thale', 'Genghis', 'Happy Face Killer', 'In A Flash'",sheri39@example.com,Russian
10084,Edward,_hSKe(uN_2,49,Male,"Mysterious, Epic, Thrilling","'Before We Vanish', 'Gone Mom: The Disappearance of Jennifer Dulos', 'Ixcanul', 'Kidnapped: The Hannah Anderson Story', 'Harry and Meghan: A Royal Romance'",megan50@example.org,Māori
10085,Lisa,$9FNmrgdd%,66,Female,"Epic, Local, Mysterious","'Border', 'The Guilty', 'Tasting Menu', 'Harry and Meghan: A Royal Romance', 'Petals on the Wind'",efarrell@example.com,Māori
10086,Anna,_c&XpVCgW1,70,Female,"Kids, Romantic, Drama","'Once Upon a Time in Venice', 'Tasting Menu', 'Fresh Meat', 'Heaven', 'Insurgent'",joshuamoore@example.org,Russian
10087,Megan,$k_X3EoIh2,60,Female,"Mysterious, Comedy, Kids","'P.S. I Love You', ""Don't Say a Word"", 'Taken: The Search for Sophie Parker', 'Perfect High', 'Born To Dance'",latoya30@example.org,other
10088,Heather,I$R9VaLbKv,49,Female,"Kids, Mysterious, Thrilling","'Katy', 'Before We Vanish', 'Story Of A Girl', 'He Loves Me', 'Harry And Meghan: Escaping The Palace'",andrea12@example.com,English
10089,Nancy,1tMJsQe1)K,40,Female,"Romantic, Epic, Drama","'Long Shot', ""Sione's 2: Unfinished Business"", 'The Guilty', 'Dark Angel', 'The Divine Order'",dianatorres@example.com,Russian
10090,Daniel,36*GPMo#)*,51,Male,"Comedy, Thrilling","'Le Grand Soir', 'Glory', 'Boy', 'A Murder to Remember', 'Battlestar Galactica: The Plan'",cassandrapierce@example.net,Chinese
10091,Roger,)tbTYkDm6d,61,Male,"Drama, Thrilling, Local","'VF48 Hours Film Festival 2021', 'Homesick', ""A Sister's Secret"", 'Circle of Deception', 'The Soul of Flies'",rdavis@example.net,French
10092,Joseph,&sA5XnXx&p,36,Male,"Psychological, Drama, Comedy","'7 Boxes', 'Mood Indigo', 'Katy', 'Family Pictures', 'Happy Face Killer'",luke15@example.org,Māori
10093,Bruce,ag8_WYn1W%,65,Male,"Drama, Local","'Secrets of Eden', 'Harry and Meghan: A Royal Romance', ""Manson's Lost Girls"", 'Kiwi', 'Mood Indigo'",cgiles@example.com,other
10094,Mario,Fu*6CpvV*9,28,Male,"Kids, Epic, Drama","'Harry & Meghan: Becoming Royal', ""Lady Chatterley's Lover"", 'Heart of a Lion', ""Don't Say a Word""",osantos@example.org,English
10095,Charles,bqpx2lWt*$,20,Male,"Local, Action, Psychological","'Girl in the Basement', 'Tazzeka', 'Sleeping with Danger', 'Secrets of Eden', 'The Pā Boys'",jonathan66@example.org,French
10096,Edward,&fGQLy!6_3,42,Male,"Local, Mysterious, Thrilling","'Mammuth', 'Battlestar Galactica: The Plan', 'A Murder to Remember', 'The Clan', 'If There Be Thorns'",rebecca41@example.com,Māori
10097,Deborah,L*j0MMuh2n,49,Female,"Romantic, Drama, Kids","'Whale Rider', 'Taken: The Search for Sophie Parker', 'Divergent', 'The Tender Trap', 'Mammuth'",ladams@example.net,English
10098,Michael,e$a5BI2wux,46,Male,"Psychological, Romantic","'The Evil Twin', ""Lady Chatterley's Lover"", 'Perfect High', 'The Light on the Hill', 'I Was Lorena Bobbitt'",gdiaz@example.org,Russian
10099,Aaron,w2daDa*%*W,18,Male,"Psychological, Local","'Kidnapped: The Hannah Anderson Story', 'Taken: The Search for Sophie Parker', 'Circle of Deception', 'Harry And Meghan: Escaping The Palace', 'Once Upon a Time in Venice'",johnkeith@example.net,Arabic
